Oligo Shipping Manifest,15/03/2012,,,,,,,,,,,,,,,,,
Order ID,59662,,,,,,,,,,,,,,,,,
Customer,ZENTRUM FUR BIOSYSTEME DER ETH,,,,,,,,,,,,,,,,,
Customer Reference,Fabian Rudolf,,,,,,,,,,,,,,,,,
Date Ordered,12/03/2012,,,,,,,,,,,,,,,,,
PO,120313_FABIAN,,,,,,,,,,,,,,,,,
Order Status,Completed,,,,,,,,,,,,,,,,,
Comments,**********,,,,,,,,,,,,,,,,,
Oligos ordered:,96,,,,,,,,,,,,,,,,,
Oligos shipped (to date):,96,,,,,,,,,,,,,,,,,
Scale in micromoles (requested),0.025,,,,,,,,,,,,,,,,,
Concentration in uM (requested),**********,,,,,,,,,,,,,,,,,
Volume in ul (requested),**********,,,,,,,,,,,,,,,,,
Aliquot plate count,**********,,,,,,,,,,,,,,,,,
Aliquot plate volume,**********,,,,,,,,,,,,,,,,,
Barcode,Plate,Customer Well,Well,Oligator Lot,Seq Name,Seq,Length,Purif.,Comment,MW,E260,Tm,Yield_OD26,Yield_ug,Yield_nano,Conc_uM,Volume_ul,Conc_ug/ul
059662E2215,E2215,A01,A01,,SEQUENCE_01,TATAACGTTACTGGTTTCATGAATTCTTGTTAATTCAGTAAATTTTC,47,DSL,******,14413.4,518.7,78,28.3,786.39,54.62,******,******,******
059662E2215,E2215,A02,A02,,SEQUENCE_02,TATAACGTTACTGGTTTCATGAATTCTTGTTAATTCAGTAAATTTTCG,48,DSL,******,14742.6,530.5,79,38.2,1061.58,72.2,******,******,******
059662E2215,E2215,A03,A03,,SEQUENCE_03,TATAACGTTACTGGTTTCATGAATTCTTGTTAATTCAGTAAATTTTCGATC,51,DSL,******,15649.2,562.5,80,25.5,709.43,45.39,******,******,******
059662E2215,E2215,A04,A04,,SEQUENCE_04,TATAACGTTACTGGTTTCATGAATTCTTGTTAATTCAGTAAATTTTCGATCTTG,54,DSL,******,16586.8,592.9,80,29.1,814.09,49.18,******,******,******
059662E2215,E2215,A05,A05,,SEQUENCE_05,TATAACGTTACTGGTTTCATGAATTCTTGTTAATTCAGTAAATTTTCGATCTTGG,55,DSL,******,16916,604.7,81,33.3,931.54,54.95,******,******,******
059662E2215,E2215,A06,A06,,SEQUENCE_06,TATAACGTTACTGGTTTCATGAATTCTTGTTAATTCAGTAAATTTTCGATCTTGGG,56,DSL,******,17245.2,616.5,82,35.8,1001.42,58,******,******,******
059662E2215,E2215,A07,A07,,SEQUENCE_07,TATAACGTTACTGGTTTCATGAATTCTTGTTAATTCAGTAAATTTTCGATCTTGGGAAG,59,DSL,******,18200.8,658.9,83,35.7,986.14,54.26,******,******,******
059662E2215,E2215,A08,A08,,SEQUENCE_08,TTGGAGAAACAGCGGCCGCCTATAGGGCGAATTGGAGCTCGAGCTCCACCGCGGTGGCGGCCG,63,DSL,******,19541.6,683.7,98,32.3,923.2,47.16,******,******,******
059662E2215,E2215,A09,A09,,SEQUENCE_09,TTGGAGAAACAGCGGCCGCCTATAGGGCGAATTGGAGCTCGAGCTCCACCGCGGTGGCGGCCGC,64,DSL,******,19830.8,691.1,99,28.1,806.32,40.75,******,******,******
059662E2215,E2215,A10,A10,,SEQUENCE_10,TTGGAGAAACAGCGGCCGCCTATAGGGCGAATTGGAGCTCGAGCTCCACCGCGGTGGCGGCCGCTC,66,DSL,******,20424.2,707.8,99,26.3,758.91,37.08,******,******,******
059662E2215,E2215,A11,A11,,SEQUENCE_11,TTGGAGAAACAGCGGCCGCCTATAGGGCGAATTGGAGCTCGAGCTCCACCGCGGTGGCGGCCGCTCTAG,69,DSL,******,21370.8,744.2,98,35.7,1025.18,47.84,******,******,******
059662E2215,E2215,A12,A12,,SEQUENCE_12,TTGGAGAAACAGCGGCCGCCTATAGGGCGAATTGGAGCTCGAGCTCCACCGCGGTGGCGGCCGCTCTAGAG,71,DSL,******,22013.2,771.3,99,34.1,973.23,44.33,******,******,******
059662E2215,E2215,B01,B01,,SEQUENCE_13,TTGGAGAAACAGCGGCCGCCTATAGGGCGAATTGGAGCTCGAGCTCCACCGCGGTGGCGGCCGCTCTAGAGAAG,74,DSL,******,22968.8,813.7,98,39.5,1114.99,48.59,******,******,******
059662E2215,E2215,B02,B02,,SEQUENCE_14,TTGGAGAAACAGCGGCCGCCTATAGGGCGAATTGGAGCTCGAGCTCCACCGCGGTGGCGGCCGCTCTAGAGAAGC,75,DSL,******,23258,821.1,99,37.9,1073.53,46.24,******,******,******
059662E2215,E2215,B03,B03,,SEQUENCE_15,TTGGAGAAACAGCGGCCGCCTATAGGGCGAATTGGAGCTCGAGCTCCACCGCGGTGGCGGCCGCTCTAGAGAAGCG,76,DSL,******,23587.2,832.9,99,40.2,1138.44,48.24,******,******,******
059662E2215,E2215,B04,B04,,SEQUENCE_16,TTGGAGAAACAGCGGCCGCCTATAGGGCGAATTGGAGCTCGAGCTCCACCGCGGTGGCGGCCGCTCTAGAGAAGCGG,77,DSL,******,23916.4,844.7,99,37.3,1056.09,44.01,******,******,******
059662E2215,E2215,B05,B05,,SEQUENCE_17,TTGGAGAAACAGCGGCCGCCTATAGGGCGAATTGGAGCTCGAGCTCCACCGCGGTGGCGGCCGCTCTAGAGAAGCGGG,78,DSL,******,24245.6,856.5,100,42.5,1203.08,49.73,******,******,******
059662E2215,E2215,B06,B06,,SEQUENCE_18,ACAAAGGAAAAGGGGCCTGTGATATCTTAGCTGTTATCGTTGC,43,DSL,******,13322.6,488.6,84,22.9,624.41,46.95,******,******,******
059662E2215,E2215,B07,B07,,SEQUENCE_19,ACAAAGGAAAAGGGGCCTGTGATATCTTAGCTGTTATCGTTGCC,44,DSL,******,13611.8,496,85,25.3,694.31,51.11,******,******,******
059662E2215,E2215,B08,B08,,SEQUENCE_20,ACAAAGGAAAAGGGGCCTGTGATATCTTAGCTGTTATCGTTGCCC,45,DSL,******,13901,503.4,86,24,662.74,47.76,******,******,******
059662E2215,E2215,B09,B09,,SEQUENCE_21,ACAAAGGAAAAGGGGCCTGTGATATCTTAGCTGTTATCGTTGCCCG,46,DSL,******,14230.2,515.2,86,59.3,1637.91,115.04,******,******,******
059662E2215,E2215,B10,B10,,SEQUENCE_22,ACAAAGGAAAAGGGGCCTGTGATATCTTAGCTGTTATCGTTGCCCGG,47,DSL,******,14559.4,527,87,31.1,859.2,59.09,******,******,******
059662E2215,E2215,B11,B11,,SEQUENCE_23,ACAAAGGAAAAGGGGCCTGTGATATCTTAGCTGTTATCGTTGCCCGGC,48,DSL,******,14848.6,534.4,88,25.2,700.2,47.12,******,******,******
059662E2215,E2215,B12,B12,,SEQUENCE_24,ACAAAGGAAAAGGGGCCTGTGATATCTTAGCTGTTATCGTTGCCCGGCAG,50,DSL,******,15491,561.5,89,33.2,915.94,59.1,******,******,******
059662E2215,E2215,C01,C01,,SEQUENCE_25,ACAAAGGAAAAGGGGCCTGTGATATCTTAGCTGTTATCGTTGCCCGGCAGATC,53,DSL,******,16397.6,593.5,89,24.9,687.95,41.83,******,******,******
059662E2215,E2215,C02,C02,,SEQUENCE_26,ACAAAGGAAAAGGGGCCTGTGATATCTTAGCTGTTATCGTTGCCCGGCAGATCC,54,DSL,******,16686.8,600.9,90,28.2,783.1,46.81,******,******,******
059662E2215,E2215,C03,C03,,SEQUENCE_27,ACAAAGGAAAAGGGGCCTGTGATATCTTAGCTGTTATCGTTGCCCGGCAGATCCTG,56,DSL,******,17320.2,622,90,34,946.76,54.74,******,******,******
059662E2215,E2215,C04,C04,,SEQUENCE_28,ACAAAGGAAAAGGGGCCTGTGATATCTTAGCTGTTATCGTTGCCCGGCAGATCCTGC,57,DSL,******,17609.4,629.4,91,30.5,853.33,48.5,******,******,******
059662E2215,E2215,C05,C05,,SEQUENCE_29,ACAAAGGAAAAGGGGCCTGTGATATCTTAGCTGTTATCGTTGCCCGGCAGATCCTGCATG,60,DSL,******,18556,665.8,91,36.2,1008.9,54.3,******,******,******
059662E2215,E2215,C06,C06,,SEQUENCE_30,AAAATTTACTGAATTAACAAGAATTCATGAAACCAGTAACGTTATAC,47,DSL,******,14454.4,568.3,78,25.1,638.4,44.18,******,******,******
059662E2215,E2215,C07,C07,,SEQUENCE_31,AAAATTTACTGAATTAACAAGAATTCATGAAACCAGTAACGTTATACG,48,DSL,******,14783.6,580.1,79,34.7,884.31,59.68,******,******,******
059662E2215,E2215,C08,C08,,SEQUENCE_32,AAAATTTACTGAATTAACAAGAATTCATGAAACCAGTAACGTTATACGATG,51,DSL,******,15730.2,616.5,80,30.9,788.42,50.06,******,******,******
059662E2215,E2215,C09,C09,,SEQUENCE_33,AAAATTTACTGAATTAACAAGAATTCATGAAACCAGTAACGTTATACGATGTC,53,DSL,******,16323.6,633.2,80,28.7,739.87,45.35,******,******,******
059662E2215,E2215,C10,C10,,SEQUENCE_34,AAAATTTACTGAATTAACAAGAATTCATGAAACCAGTAACGTTATACGATGTCG,54,DSL,******,16652.8,645,81,34.2,882.99,53.01,******,******,******
059662E2215,E2215,C11,C11,,SEQUENCE_35,AAAATTTACTGAATTAACAAGAATTCATGAAACCAGTAACGTTATACGATGTCGC,55,DSL,******,16942,652.4,82,31.7,823.21,48.5,******,******,******
059662E2215,E2215,C12,C12,,SEQUENCE_36,AAAATTTACTGAATTAACAAGAATTCATGAAACCAGTAACGTTATACGATGTCGCAG,57,DSL,******,17584.4,679.5,83,34.3,887.63,50.42,******,******,******
059662E2215,E2215,D01,D01,,SEQUENCE_37,AAAATTTACTGAATTAACAAGAATTCATGAAACCAGTAACGTTATACGATGTCGCAGAG,59,DSL,******,18226.8,706.6,83,36.9,951.84,52.4,******,******,******
059662E2215,E2215,D02,D02,,SEQUENCE_38,AAGGGAACAAAAGCTGGGTACACGGCCGAAGCTGGGTACCGGTACCAAGCAGACGCTACTAAG,63,DSL,******,19567.6,733.4,94,31.9,851.11,43.38,******,******,******
059662E2215,E2215,D03,D03,,SEQUENCE_39,AAGGGAACAAAAGCTGGGTACACGGCCGAAGCTGGGTACCGGTACCAAGCAGACGCTACTAAGG,64,DSL,******,19896.8,745.2,94,36.2,966.54,48.51,******,******,******
059662E2215,E2215,D04,D04,,SEQUENCE_40,AAGGGAACAAAAGCTGGGTACACGGCCGAAGCTGGGTACCGGTACCAAGCAGACGCTACTAAGGAAAAC,69,DSL,******,21438.8,813.8,94,33.6,885.16,41.33,******,******,******
059662E2215,E2215,D05,D05,,SEQUENCE_41,AAGGGAACAAAAGCTGGGTACACGGCCGAAGCTGGGTACCGGTACCAAGCAGACGCTACTAAGGAAAACAAC,72,DSL,******,22354.4,851.8,94,32.6,855.55,38.14,******,******,******
059662E2215,E2215,D06,D06,,SEQUENCE_42,AAGGGAACAAAAGCTGGGTACACGGCCGAAGCTGGGTACCGGTACCAAGCAGACGCTACTAAGGAAAACAACAAC,75,DSL,******,23270,889.8,94,33.4,873.47,37.41,******,******,******
059662E2215,E2215,D07,D07,,SEQUENCE_43,AAGGGAACAAAAGCTGGGTACACGGCCGAAGCTGGGTACCGGTACCAAGCAGACGCTACTAAGGAAAACAACAACG,76,DSL,******,23599.2,901.6,94,42,1099.34,46.62,******,******,******
059662E2215,E2215,D08,D08,,SEQUENCE_44,AAGGGAACAAAAGCTGGGTACACGGCCGAAGCTGGGTACCGGTACCAAGCAGACGCTACTAAGGAAAACAACAACGG,77,DSL,******,23928.4,913.4,95,41.4,1084.56,45.13,******,******,******
059662E2215,E2215,D09,D09,,SEQUENCE_45,AAGGGAACAAAAGCTGGGTACACGGCCGAAGCTGGGTACCGGTACCAAGCAGACGCTACTAAGGAAAACAACAACGGAAG,80,DSL,******,24884,955.8,95,45.1,1174.17,47.36,******,******,******
059662E2215,E2215,D10,D10,,SEQUENCE_46,CGGGCAACGATAACAGCTAAGATATCACAGGCCCCTTTTCCTTTG,45,DSL,******,13766,488.3,87,26.2,738.62,53.71,******,******,******
059662E2215,E2215,D11,D11,,SEQUENCE_47,CGGGCAACGATAACAGCTAAGATATCACAGGCCCCTTTTCCTTTGTC,47,DSL,******,14359.4,505,87,23.5,668.21,46.53,******,******,******
059662E2215,E2215,D12,D12,,SEQUENCE_48,CGGGCAACGATAACAGCTAAGATATCACAGGCCCCTTTTCCTTTGTCTATATC,53,DSL,******,16187.6,570.9,87,27.7,785.42,48.48,******,******,******
059662E2215,E2215,E01,E01,,SEQUENCE_49,CGGGCAACGATAACAGCTAAGATATCACAGGCCCCTTTTCCTTTGTCTATATCATG,56,DSL,******,17134.2,607.3,88,34.1,962.09,56.27,******,******,******
059662E2215,E2215,E02,E02,,BLANK,.,1,DSL,******,,,,,,,******,******,******
059662E2215,E2215,E03,E03,,BLANK,.,1,DSL,******,,,,,,,******,******,******
059662E2215,E2215,E04,E04,,BLANK,.,1,DSL,******,,,,,,,******,******,******
059662E2215,E2215,E05,E05,,BLANK,.,1,DSL,******,,,,,,,******,******,******
059662E2215,E2215,E06,E06,,BLANK,.,1,DSL,******,,,,,,,******,******,******
059662E2215,E2215,E07,E07,,BLANK,.,1,DSL,******,,,,,,,******,******,******
059662E2215,E2215,E08,E08,,BLANK,.,1,DSL,******,,,,,,,******,******,******
059662E2215,E2215,E09,E09,,BLANK,.,1,DSL,******,,,,,,,******,******,******
059662E2215,E2215,E10,E10,,BLANK,.,1,DSL,******,,,,,,,******,******,******
059662E2215,E2215,E11,E11,,BLANK,.,1,DSL,******,,,,,,,******,******,******
059662E2215,E2215,E12,E12,,BLANK,.,1,DSL,******,,,,,,,******,******,******
059662E2215,E2215,F01,F01,,BLANK,.,1,DSL,******,,,,,,,******,******,******
059662E2215,E2215,F02,F02,,BLANK,.,1,DSL,******,,,,,,,******,******,******
059662E2215,E2215,F03,F03,,BLANK,.,1,DSL,******,,,,,,,******,******,******
059662E2215,E2215,F04,F04,,BLANK,.,1,DSL,******,,,,,,,******,******,******
059662E2215,E2215,F05,F05,,BLANK,.,1,DSL,******,,,,,,,******,******,******
059662E2215,E2215,F06,F06,,BLANK,.,1,DSL,******,,,,,,,******,******,******
059662E2215,E2215,F07,F07,,BLANK,.,1,DSL,******,,,,,,,******,******,******
059662E2215,E2215,F08,F08,,BLANK,.,1,DSL,******,,,,,,,******,******,******
059662E2215,E2215,F09,F09,,BLANK,.,1,DSL,******,,,,,,,******,******,******
059662E2215,E2215,F10,F10,,BLANK,.,1,DSL,******,,,,,,,******,******,******
059662E2215,E2215,F11,F11,,BLANK,.,1,DSL,******,,,,,,,******,******,******
059662E2215,E2215,F12,F12,,BLANK,.,1,DSL,******,,,,,,,******,******,******
059662E2215,E2215,G01,G01,,BLANK,.,1,DSL,******,,,,,,,******,******,******
059662E2215,E2215,G02,G02,,BLANK,.,1,DSL,******,,,,,,,******,******,******
059662E2215,E2215,G03,G03,,BLANK,.,1,DSL,******,,,,,,,******,******,******
059662E2215,E2215,G04,G04,,BLANK,.,1,DSL,******,,,,,,,******,******,******
059662E2215,E2215,G05,G05,,BLANK,.,1,DSL,******,,,,,,,******,******,******
059662E2215,E2215,G06,G06,,BLANK,.,1,DSL,******,,,,,,,******,******,******
059662E2215,E2215,G07,G07,,BLANK,.,1,DSL,******,,,,,,,******,******,******
059662E2215,E2215,G08,G08,,BLANK,.,1,DSL,******,,,,,,,******,******,******
059662E2215,E2215,G09,G09,,BLANK,.,1,DSL,******,,,,,,,******,******,******
059662E2215,E2215,G10,G10,,BLANK,.,1,DSL,******,,,,,,,******,******,******
059662E2215,E2215,G11,G11,,BLANK,.,1,DSL,******,,,,,,,******,******,******
059662E2215,E2215,G12,G12,,BLANK,.,1,DSL,******,,,,,,,******,******,******
059662E2215,E2215,H01,H01,,BLANK,.,1,DSL,******,,,,,,,******,******,******
059662E2215,E2215,H02,H02,,BLANK,.,1,DSL,******,,,,,,,******,******,******
059662E2215,E2215,H03,H03,,BLANK,.,1,DSL,******,,,,,,,******,******,******
059662E2215,E2215,H04,H04,,BLANK,.,1,DSL,******,,,,,,,******,******,******
059662E2215,E2215,H05,H05,,BLANK,.,1,DSL,******,,,,,,,******,******,******
059662E2215,E2215,H06,H06,,BLANK,.,1,DSL,******,,,,,,,******,******,******
059662E2215,E2215,H07,H07,,BLANK,.,1,DSL,******,,,,,,,******,******,******
059662E2215,E2215,H08,H08,,BLANK,.,1,DSL,******,,,,,,,******,******,******
059662E2215,E2215,H09,H09,,BLANK,.,1,DSL,******,,,,,,,******,******,******
059662E2215,E2215,H10,H10,,BLANK,.,1,DSL,******,,,,,,,******,******,******
059662E2215,E2215,H11,H11,,BLANK,.,1,DSL,******,,,,,,,******,******,******
059662E2215,E2215,H12,H12,,BLANK,.,1,DSL,******,,,,,,,******,******,******
